{"className":"Actions","props":{"direction":"","background":"","scale":1,"name":"Actions","label":""},"children":[{"className":"Action","props":{"origin":"init"},"children":[{"className":"ActionUpdate","props":{"stateName":"$case","newValue":"'lower'"},"children":[]},{"className":"ActionUpdate","props":{"stateName":"$role","newValue":"'hp'"},"children":[]},{"className":"ActionUpdate","props":{"stateName":"$prefix","newValue":"''"},"children":[]},{"className":"ActionUpdate","props":{"stateName":"$group","newValue":"'I'"},"children":[]}]},{"className":"Action","props":{"origin":"*"},"children":[{"className":"ActionCondition","props":{"Condition":"#label = 'Clear'"},"children":[]},{"className":"ActionUpdate","props":{"stateName":"$Display","newValue":"''"},"children":[]},{"className":"ActionUpdate","props":{"stateName":"$prefix","newValue":"''"},"children":[]},{"className":"ActionUpdate","props":{"stateName":"$toSay","newValue":"''"},"children":[]}]},{"className":"Action","props":{"origin":"*"},"children":[{"className":"ActionCondition","props":{"Condition":"#label = 'Delete'"},"children":[]},{"className":"ActionUpdate","props":{"stateName":"$Display","newValue":"replace_last('')"},"children":[]},{"className":"ActionUpdate","props":{"stateName":"$prefix","newValue":"''"},"children":[]}]},{"className":"Action","props":{"origin":"*"},"children":[{"className":"ActionCondition","props":{"Condition":"#changepg"},"children":[]},{"className":"ActionUpdate","props":{"stateName":"$role","newValue":"#changepg"},"children":[]}]},{"className":"Action","props":{"origin":"*"},"children":[{"className":"ActionCondition","props":{"Condition":"#label = 'Speak'"},"children":[]},{"className":"ActionCondition","props":{"Condition":"$Again"},"children":[]},{"className":"ActionCondition","props":{"Condition":"!$Display"},"children":[]},{"className":"ActionUpdate","props":{"stateName":"$Speak","newValue":"$Again"},"children":[]},{"className":"ActionUpdate","props":{"stateName":"$prefix","newValue":"\"\""},"children":[]}]},{"className":"Action","props":{"origin":"*"},"children":[{"className":"ActionCondition","props":{"Condition":"#label = 'HOME'"},"children":[]},{"className":"ActionUpdate","props":{"stateName":"$tabControl","newValue":"'Home'"},"children":[]}]},{"className":"Action","props":{"origin":"hp"},"children":[{"className":"ActionCondition","props":{"Condition":"#label = 'Numbers'"},"children":[]},{"className":"ActionUpdate","props":{"stateName":"$tabControl","newValue":"'Num'"},"children":[]}]},{"className":"Action","props":{"origin":"hp"},"children":[{"className":"ActionCondition","props":{"Condition":"#label = 'Keyboard'"},"children":[]},{"className":"ActionUpdate","props":{"stateName":"$tabControl","newValue":"'Keyboard'"},"children":[]}]},{"className":"Action","props":{"origin":"*"},"children":[{"className":"ActionCondition","props":{"Condition":"#label = 'Speak'"},"children":[]},{"className":"ActionUpdate","props":{"stateName":"$Speak","newValue":"$toSay"},"children":[]},{"className":"ActionUpdate","props":{"stateName":"$Display","newValue":"''"},"children":[]},{"className":"ActionUpdate","props":{"stateName":"$Again","newValue":"$toSay"},"children":[]},{"className":"ActionUpdate","props":{"stateName":"$toSay","newValue":"''"},"children":[]},{"className":"ActionUpdate","props":{"stateName":"$socket","newValue":"'time'"},"children":[]},{"className":"ActionUpdate","props":{"stateName":"$prefix","newValue":"''"},"children":[]}]},{"className":"Action","props":{"origin":"*"},"children":[{"className":"ActionCondition","props":{"Condition":"#pronounce"},"children":[]},{"className":"ActionUpdate","props":{"stateName":"$toSay","newValue":"add_word(#pronounce)"},"children":[]},{"className":"ActionUpdate","props":{"stateName":"$Display","newValue":"add_word(#display)"},"children":[]}]},{"className":"Action","props":{"origin":"kb"},"children":[{"className":"ActionCondition","props":{"Condition":"#changecase"},"children":[]},{"className":"ActionUpdate","props":{"stateName":"$case","newValue":"#changecase"},"children":[]}]},{"className":"Action","props":{"origin":"*"},"children":[{"className":"ActionCondition","props":{"Condition":"#label = \"SPACE\""},"children":[]},{"className":"ActionUpdate","props":{"stateName":"$Display","newValue":"add_letter(' ')"},"children":[]},{"className":"ActionUpdate","props":{"stateName":"$prefix","newValue":"''"},"children":[]}]},{"className":"Action","props":{"origin":"kb"},"children":[{"className":"ActionCondition","props":{"Condition":"#punctuation"},"children":[]},{"className":"ActionUpdate","props":{"stateName":"$Display","newValue":"add_letter(#label + ' ')"},"children":[]},{"className":"ActionUpdate","props":{"stateName":"$prefix","newValue":"''"},"children":[]}]},{"className":"Action","props":{"origin":"kb"},"children":[{"className":"ActionUpdate","props":{"stateName":"$Display","newValue":"add_letter(#display)"},"children":[]},{"className":"ActionUpdate","props":{"stateName":"$toSay","newValue":"add_letter(#display)"},"children":[]},{"className":"ActionUpdate","props":{"stateName":"$prefix","newValue":"add_letter(#label)"},"children":[]}]},{"className":"Action","props":{"origin":"hp"},"children":[{"className":"ActionCondition","props":{"Condition":"#morph"},"children":[]},{"className":"ActionCondition","props":{"Condition":"$lastToken = #display"},"children":[]},{"className":"ActionUpdate","props":{"stateName":"$tabControl","newValue":"'Morph'"},"children":[]},{"className":"ActionUpdate","props":{"stateName":"$group","newValue":"$lastToken"},"children":[]}]},{"className":"Action","props":{"origin":"hp"},"children":[{"className":"ActionCondition","props":{"Condition":"#morph"},"children":[]},{"className":"ActionUpdate","props":{"stateName":"$Display","newValue":"add_word(#display)"},"children":[]},{"className":"ActionUpdate","props":{"stateName":"$toSay","newValue":"add_word(#display)"},"children":[]},{"className":"ActionUpdate","props":{"stateName":"$lastToken","newValue":"#display"},"children":[]}]},{"className":"Action","props":{"origin":"hp"},"children":[{"className":"ActionCondition","props":{"Condition":"#display"},"children":[]},{"className":"ActionUpdate","props":{"stateName":"$Display","newValue":"add_word(#display)"},"children":[]},{"className":"ActionUpdate","props":{"stateName":"$toSay","newValue":"add_word(#display)"},"children":[]}]},{"className":"Action","props":{"origin":"predict"},"children":[{"className":"ActionCondition","props":{"Condition":"$Display = ''"},"children":[]},{"className":"ActionUpdate","props":{"stateName":"$Display","newValue":"add_word(#label)"},"children":[]},{"className":"ActionUpdate","props":{"stateName":"$toSay","newValue":"add_word(#label)"},"children":[]}]},{"className":"Action","props":{"origin":"predict"},"children":[{"className":"ActionUpdate","props":{"stateName":"$Display","newValue":"replace_last(#label + ' ')"},"children":[]},{"className":"ActionUpdate","props":{"stateName":"$toSay","newValue":"replace_last(#label + ' ')"},"children":[]},{"className":"ActionUpdate","props":{"stateName":"$prefix","newValue":"''"},"children":[]}]},{"className":"Action","props":{"origin":"morph"},"children":[{"className":"ActionCondition","props":{"Condition":"#label = 'Home'"},"children":[]},{"className":"ActionUpdate","props":{"stateName":"$tabControl","newValue":"'Home'"},"children":[]}]},{"className":"Action","props":{"origin":"morph"},"children":[{"className":"ActionUpdate","props":{"stateName":"$Display","newValue":"replace_last(#display + ' ')"},"children":[]},{"className":"ActionUpdate","props":{"stateName":"$toSay","newValue":"replace_last(#display)"},"children":[]},{"className":"ActionUpdate","props":{"stateName":"$tabControl","newValue":"'Home'"},"children":[]}]},{"className":"Action","props":{"origin":"num"},"children":[{"className":"ActionCondition","props":{"Condition":"#value"},"children":[]},{"className":"ActionUpdate","props":{"stateName":"$Display","newValue":"add_letter(#value)"},"children":[]},{"className":"ActionUpdate","props":{"stateName":"$toSay","newValue":"add_letter(#value)"},"children":[]}]},{"className":"Action","props":{"origin":"socket"},"children":[{"className":"ActionCondition","props":{"Condition":""},"children":[]},{"className":"ActionUpdate","props":{"stateName":"$Display","newValue":"#message"},"children":[]}]}]}