{"className":"Page","props":{"direction":"column","background":"","scale":1},"children":[{"className":"Speech","props":{"stateName":"$Speak","voiceURI":"Moira","pitch":1,"rate":1,"volume":1},"children":[]},{"className":"Stack","props":{"direction":"column","background":"","scale":"1"},"children":[{"className":"Display","props":{"stateName":"$Display","Name":"","background":"white","fontSize":"2","scale":"1"},"children":[]},{"className":"TabControl","props":{"stateName":"$tabControl","background":"","scale":"6","tabEdge":"none","name":"tabs"},"children":[{"className":"TabPanel","props":{"direction":"column","background":"","scale":"1","name":"Home","label":""},"children":[{"className":"Grid","props":{"fillItems":false,"rows":3,"columns":3,"scale":"1","name":"hp","background":"white"},"children":[{"className":"GridFilter","props":{"field":"#sheetName","operator":"equals","value":"'Home'"},"children":[]},{"className":"GridFilter","props":{"field":"#role","operator":"equals","value":"$role"},"children":[]}]}]},{"className":"TabPanel","props":{"direction":"column","background":"","scale":"1","name":"Keyboard","label":""},"children":[{"className":"Stack","props":{"direction":"column","background":"","scale":"1"},"children":[{"className":"Grid","props":{"fillItems":true,"rows":"1","columns":"10","scale":"1","name":"predict","background":"white"},"children":[{"className":"GridFilter","props":{"field":"#sheetName","operator":"equals","value":"'predict'"},"children":[]},{"className":"GridFilter","props":{"field":"#label","operator":"starts with","value":"$prefix"},"children":[]}]},{"className":"Grid","props":{"fillItems":false,"rows":3,"columns":3,"scale":"5","name":"kb","background":"white"},"children":[{"className":"GridFilter","props":{"field":"#sheetName","operator":"equals","value":"'kb'"},"children":[]},{"className":"GridFilter","props":{"field":"#case","operator":"equals","value":"$case"},"children":[]}]}]}]},{"className":"TabPanel","props":{"direction":"column","background":"","scale":"1","name":"Morph","label":""},"children":[{"className":"Grid","props":{"fillItems":false,"rows":"6","columns":"10","scale":"1","name":"morph","background":"white"},"children":[{"className":"GridFilter","props":{"field":"#sheetName","operator":"equals","value":"'Morph'"},"children":[]},{"className":"GridFilter","props":{"field":"#group","operator":"equals","value":"$group"},"children":[]}]}]},{"className":"TabPanel","props":{"direction":"column","background":"","scale":"1","name":"Num","label":"Num"},"children":[{"className":"Grid","props":{"fillItems":false,"rows":3,"columns":3,"scale":"1","name":"num","background":"white"},"children":[{"className":"GridFilter","props":{"field":"#sheetName","operator":"equals","value":"'num'"},"children":[]}]}]}]}]}]}