{"className":"MethodChooser","props":{"direction":"","background":"","scale":1,"name":"Methods","label":""},"children":[{"className":"Method","props":{"Name":"2 switch","Key":"idl6e14meiwzjdcquhgk9","Active":false},"children":[{"className":"KeyHandler","props":{"Signal":"keyup","Debounce":"0.1"},"children":[{"className":"HandlerKeyCondition","props":{"Key":" "},"children":[]},{"className":"HandlerKeyCondition","props":{"Key":"ArrowRight"},"children":[]},{"className":"ResponderNext","props":{"Response":"ResponderNext"},"children":[]}]},{"className":"KeyHandler","props":{"Signal":"keyup","Debounce":"0.1"},"children":[{"className":"HandlerKeyCondition","props":{"Key":"Enter"},"children":[]},{"className":"HandlerKeyCondition","props":{"Key":"ArrowLeft"},"children":[]},{"className":"ResponderActivate","props":{"Response":"ResponderActivate"},"children":[]}]}]},{"className":"Method","props":{"Name":"Pointer dwell","Key":"idl6wcdmjjkb48xmbxscn","Active":false},"children":[{"className":"PointerHandler","props":{"Signal":"pointerover","Debounce":"0.1","SkipOnRedraw":true},"children":[{"className":"ResponderCue","props":{"Response":"ResponderCue","Cue":"idl7ysqw4agxg63qvx4j5"},"children":[]},{"className":"ResponderStartTimer","props":{"Response":"ResponderStartTimer","TimerName":"idl7yrtido633vxa1bb1v"},"children":[]}]},{"className":"PointerHandler","props":{"Signal":"pointerout","Debounce":"0.1","SkipOnRedraw":false},"children":[{"className":"ResponderClearCue","props":{"Response":"ResponderClearCue"},"children":[]}]},{"className":"PointerHandler","props":{"Signal":"pointerdown","Debounce":"0.1","SkipOnRedraw":false},"children":[{"className":"ResponderActivate","props":{"Response":"ResponderActivate"},"children":[]}]},{"className":"Timer","props":{"Interval":"1.5","Name":"dwell","Key":"idl7yrtido633vxa1bb1v"},"children":[]},{"className":"TimerHandler","props":{"Signal":"timer","TimerName":"idl7yrtido633vxa1bb1v"},"children":[{"className":"ResponderActivate","props":{"Response":"ResponderActivate"},"children":[]}]}]},{"className":"Method","props":{"Name":"Mouse","Key":"idl84ljjeoebyl94sow87","Active":true},"children":[{"className":"PointerHandler","props":{"Signal":"pointerdown","Debounce":"0.01","SkipOnRedraw":false},"children":[{"className":"ResponderActivate","props":{"Response":"ResponderActivate"},"children":[]}]},{"className":"PointerHandler","props":{"Signal":"pointerover","Debounce":"0.1","SkipOnRedraw":false},"children":[{"className":"ResponderCue","props":{"Response":"ResponderCue","Cue":"idl7w16hghqop9hcgn95"},"children":[]}]},{"className":"PointerHandler","props":{"Signal":"pointerout","Debounce":"0.1","SkipOnRedraw":false},"children":[{"className":"ResponderClearCue","props":{"Response":"ResponderClearCue"},"children":[]}]}]},{"className":"Method","props":{"Name":"socket","Key":"idliq2p4h7qaqd72mrix7","Active":true},"children":[{"className":"SocketHandler","props":{"StateName":"$socket","URL":"ws://localhost:5678/"},"children":[{"className":"ResponderEmit","props":{"Response":"ResponderEmit"},"children":[]}]}]}]}