{"className":"MethodChooser","props":{"name":"Methods","label":""},"children":[{"className":"Method","props":{"Name":"Pointer dwell","Pattern":"NullPattern","KeyDebounce":"0","PointerEnterDebounce":"0.1","PointerDownDebounce":"0.1","Key":"idl6wcdmjjkb48xmbxscn","Active":"true"},"children":[{"className":"PointerHandler","props":{"Signal":"pointerover"},"children":[{"className":"ResponderCue","props":{"Response":"ResponderCue","Cue":"idl7ythslqew02w4pom29"},"children":[]},{"className":"ResponderStartTimer","props":{"Response":"ResponderStartTimer","TimerName":"idl7yrtido633vxa1bb1v"},"children":[]}]},{"className":"PointerHandler","props":{"Signal":"pointerout"},"children":[{"className":"ResponderClearCue","props":{"Response":"ResponderClearCue"},"children":[]}]},{"className":"PointerHandler","props":{"Signal":"pointerdown"},"children":[{"className":"ResponderActivate","props":{"Response":"ResponderActivate"},"children":[]}]},{"className":"Timer","props":{"Interval":"2","Name":"dwell","Key":"idl7yrtido633vxa1bb1v"},"children":[]},{"className":"TimerHandler","props":{"Signal":"timer","TimerName":"idl7yrtido633vxa1bb1v"},"children":[{"className":"ResponderActivate","props":{"Response":"ResponderActivate"},"children":[]}]}]}]}