{"className":"Actions","props":{"name":"Actions","label":"","scale":"1"},"children":[{"className":"Action","props":{"origin":"init"},"children":[{"className":"ActionUpdate","props":{"stateName":"$case","newValue":"'lower'"},"children":[]},{"className":"ActionUpdate","props":{"stateName":"$prefix","newValue":"''"},"children":[]},{"className":"ActionUpdate","props":{"stateName":"$HeadMouse","newValue":"\"on\""},"children":[]}]},{"className":"Action","props":{"origin":"*"},"children":[{"className":"ActionCondition","props":{"Condition":"#label = 'SPACE'"},"children":[]},{"className":"ActionUpdate","props":{"stateName":"$Display","newValue":"add_letter(' ')"},"children":[]},{"className":"ActionUpdate","props":{"stateName":"$prefix","newValue":"''"},"children":[]}]},{"className":"Action","props":{"origin":"kb"},"children":[{"className":"ActionCondition","props":{"Condition":"#newcase"},"children":[]},{"className":"ActionUpdate","props":{"stateName":"$case","newValue":"#newcase"},"children":[]}]},{"className":"Action","props":{"origin":"MW"},"children":[{"className":"ActionCondition","props":{"Condition":""},"children":[]},{"className":"ActionUpdate","props":{"stateName":"$Speak","newValue":"$Display"},"children":[]},{"className":"ActionUpdate","props":{"stateName":"$Display","newValue":"''"},"children":[]},{"className":"ActionUpdate","props":{"stateName":"$prefix","newValue":"''"},"children":[]}]},{"className":"Action","props":{"origin":"*"},"children":[{"className":"ActionCondition","props":{"Condition":"#label = 'Clear'"},"children":[]},{"className":"ActionUpdate","props":{"stateName":"$Display","newValue":"''"},"children":[]},{"className":"ActionUpdate","props":{"stateName":"$prefix","newValue":"''"},"children":[]}]},{"className":"Action","props":{"origin":"*"},"children":[{"className":"ActionCondition","props":{"Condition":"#label = 'Delete'"},"children":[]},{"className":"ActionUpdate","props":{"stateName":"$Display","newValue":"replace_last_letter('')"},"children":[]},{"className":"ActionUpdate","props":{"stateName":"$prefix","newValue":"replace_last_letter('')"},"children":[]}]},{"className":"Action","props":{"origin":"predict"},"children":[{"className":"ActionCondition","props":{"Condition":"$prefix"},"children":[]},{"className":"ActionUpdate","props":{"stateName":"$Display","newValue":"replace_last(#label + ' ')"},"children":[]},{"className":"ActionUpdate","props":{"stateName":"$prefix","newValue":"''"},"children":[]}]},{"className":"Action","props":{"origin":"predict"},"children":[{"className":"ActionUpdate","props":{"stateName":"$Display","newValue":"add_word(#label)"},"children":[]},{"className":"ActionUpdate","props":{"stateName":"$prefix","newValue":"''"},"children":[]}]},{"className":"Action","props":{"origin":"track"},"children":[{"className":"ActionCondition","props":{"Condition":"#label = \"Setup\""},"children":[]},{"className":"ActionUpdate","props":{"stateName":"$HeadMouse","newValue":"\"setup\""},"children":[]},{"className":"ActionCondition","props":{"Condition":"$HeadMouse != \"setup\""},"children":[]}]},{"className":"Action","props":{"origin":"track"},"children":[{"className":"ActionCondition","props":{"Condition":"#label = \"Setup\""},"children":[]},{"className":"ActionUpdate","props":{"stateName":"$HeadMouse","newValue":"\"on\""},"children":[]},{"className":"ActionCondition","props":{"Condition":"$HeadMouse = \"setup\""},"children":[]}]},{"className":"Action","props":{"origin":"track"},"children":[{"className":"ActionCondition","props":{"Condition":"#label = \"Track\""},"children":[]},{"className":"ActionUpdate","props":{"stateName":"$HeadMouse","newValue":"\"off\""},"children":[]},{"className":"ActionCondition","props":{"Condition":"$HeadMouse = \"on\""},"children":[]}]},{"className":"Action","props":{"origin":"track"},"children":[{"className":"ActionCondition","props":{"Condition":"#label = \"Track\""},"children":[]},{"className":"ActionUpdate","props":{"stateName":"$HeadMouse","newValue":"\"on\""},"children":[]}]},{"className":"Action","props":{"origin":"kb"},"children":[{"className":"ActionUpdate","props":{"stateName":"$prefix","newValue":"add_letter(#label)"},"children":[]},{"className":"ActionUpdate","props":{"stateName":"$Display","newValue":"add_letter(#label)"},"children":[]}]},{"className":"Action","props":{"origin":"Raw Keyboard"},"children":[{"className":"ActionCondition","props":{"Condition":"#key = \"t\""},"children":[]},{"className":"ActionUpdate","props":{"stateName":"$HeadMouse","newValue":"\"on\""},"children":[]}]},{"className":"Action","props":{"origin":"Raw Keyboard"},"children":[{"className":"ActionCondition","props":{"Condition":"#key = \"T\""},"children":[]},{"className":"ActionUpdate","props":{"stateName":"$HeadMouse","newValue":"\"off\""},"children":[]}]},{"className":"Action","props":{"origin":"Raw Keyboard"},"children":[{"className":"ActionCondition","props":{"Condition":"#key = \"s\""},"children":[]},{"className":"ActionUpdate","props":{"stateName":"$HeadMouse","newValue":"\"setup\""},"children":[]}]}]}