[{"sheetName":"keyboard","case":"lower","row":1,"column":1,"label":"a"},{"sheetName":"keyboard","case":"lower","row":1,"column":2,"label":"b"},{"sheetName":"keyboard","case":"lower","row":1,"column":3,"label":"c"},{"sheetName":"keyboard","case":"lower","row":1,"column":4,"label":"d"},{"sheetName":"keyboard","case":"lower","row":2,"column":1,"label":"e"},{"sheetName":"keyboard","case":"lower","row":2,"column":2,"label":"f"},{"sheetName":"keyboard","case":"lower","row":2,"column":3,"label":"g"},{"sheetName":"keyboard","case":"lower","row":2,"column":4,"label":"h"},{"sheetName":"keyboard","case":"lower","row":3,"column":1,"label":"i"},{"sheetName":"keyboard","case":"lower","row":3,"column":2,"label":"j"},{"sheetName":"keyboard","case":"lower","row":3,"column":3,"label":"k"},{"sheetName":"keyboard","case":"lower","row":3,"column":4,"label":"l"},{"sheetName":"keyboard","case":"lower","row":4,"column":1,"label":"m"},{"sheetName":"keyboard","case":"lower","row":4,"column":2,"label":"n"},{"sheetName":"keyboard","case":"lower","row":4,"column":3,"label":"o"},{"sheetName":"keyboard","case":"lower","row":4,"column":4,"label":"p"},{"sheetName":"keyboard","case":"lower","row":5,"column":1,"label":"q"},{"sheetName":"keyboard","case":"lower","row":5,"column":2,"label":"r"},{"sheetName":"keyboard","case":"lower","row":5,"column":3,"label":"s"},{"sheetName":"keyboard","case":"lower","row":5,"column":4,"label":"t"},{"sheetName":"keyboard","case":"lower","row":6,"column":1,"label":"u"},{"sheetName":"keyboard","case":"lower","row":6,"column":2,"label":"v"},{"sheetName":"keyboard","case":"lower","row":6,"column":3,"label":"w"},{"sheetName":"keyboard","case":"lower","row":6,"column":4,"label":"x"},{"sheetName":"keyboard","case":"lower","row":7,"column":2,"label":"y"},{"sheetName":"keyboard","case":"lower","row":7,"column":3,"label":"z"},{"sheetName":"keyboard","case":"lower","row":8,"column":1,"label":"CAPS","newcase":"upper"},{"sheetName":"keyboard","case":"upper","row":1,"column":1,"label":"A"},{"sheetName":"keyboard","case":"upper","row":1,"column":2,"label":"B"},{"sheetName":"keyboard","case":"upper","row":1,"column":3,"label":"C"},{"sheetName":"keyboard","case":"upper","row":1,"column":4,"label":"D"},{"sheetName":"keyboard","case":"upper","row":2,"column":1,"label":"E"},{"sheetName":"keyboard","case":"upper","row":2,"column":2,"label":"F"},{"sheetName":"keyboard","case":"upper","row":2,"column":3,"label":"G"},{"sheetName":"keyboard","case":"upper","row":2,"column":4,"label":"H"},{"sheetName":"keyboard","case":"upper","row":3,"column":1,"label":"I"},{"sheetName":"keyboard","case":"upper","row":3,"column":2,"label":"J"},{"sheetName":"keyboard","case":"upper","row":3,"column":3,"label":"K"},{"sheetName":"keyboard","case":"upper","row":3,"column":4,"label":"L"},{"sheetName":"keyboard","case":"upper","row":4,"column":1,"label":"M"},{"sheetName":"keyboard","case":"upper","row":4,"column":2,"label":"N"},{"sheetName":"keyboard","case":"upper","row":4,"column":3,"label":"O"},{"sheetName":"keyboard","case":"upper","row":4,"column":4,"label":"P"},{"sheetName":"keyboard","case":"upper","row":5,"column":1,"label":"Q"},{"sheetName":"keyboard","case":"upper","row":5,"column":2,"label":"R"},{"sheetName":"keyboard","case":"upper","row":5,"column":3,"label":"S"},{"sheetName":"keyboard","case":"upper","row":5,"column":4,"label":"T"},{"sheetName":"keyboard","case":"upper","row":6,"column":1,"label":"U"},{"sheetName":"keyboard","case":"upper","row":6,"column":2,"label":"V"},{"sheetName":"keyboard","case":"upper","row":6,"column":3,"label":"W"},{"sheetName":"keyboard","case":"upper","row":6,"column":4,"label":"X"},{"sheetName":"keyboard","case":"upper","row":7,"column":2,"label":"Y"},{"sheetName":"keyboard","case":"upper","row":7,"column":3,"label":"Z"},{"sheetName":"keyboard","case":"upper","row":8,"column":1,"label":"lower","newcase":"lower"},{"sheetName":"keyboard","label":"Track","track":"1"},{"sheetName":"keyboard","label":"Setup","track":"1"},{"sheetName":"other","row":1,"column":1,"label":"Delete"},{"sheetName":"other","row":1,"column":3,"label":"Clear"},{"sheetName":"track","row":1,"colum":"1","label":"Track"},{"sheetName":"track","row":1,"colum":"2","label":"Setup"},{"sheetName":"predictions","label":"a"},{"sheetName":"predictions","label":"about"},{"sheetName":"predictions","label":"all"},{"sheetName":"predictions","label":"also"},{"sheetName":"predictions","label":"and"},{"sheetName":"predictions","label":"as"},{"sheetName":"predictions","label":"at"},{"sheetName":"predictions","label":"be"},{"sheetName":"predictions","label":"because"},{"sheetName":"predictions","label":"but"},{"sheetName":"predictions","label":"by"},{"sheetName":"predictions","label":"can"},{"sheetName":"predictions","label":"come"},{"sheetName":"predictions","label":"could"},{"sheetName":"predictions","label":"day"},{"sheetName":"predictions","label":"do"},{"sheetName":"predictions","label":"even"},{"sheetName":"predictions","label":"find"},{"sheetName":"predictions","label":"first"},{"sheetName":"predictions","label":"for"},{"sheetName":"predictions","label":"from"},{"sheetName":"predictions","label":"get"},{"sheetName":"predictions","label":"give"},{"sheetName":"predictions","label":"go"},{"sheetName":"predictions","label":"have"},{"sheetName":"predictions","label":"he"},{"sheetName":"predictions","label":"her"},{"sheetName":"predictions","label":"here"},{"sheetName":"predictions","label":"him"},{"sheetName":"predictions","label":"his"},{"sheetName":"predictions","label":"how"},{"sheetName":"predictions","label":"I"},{"sheetName":"predictions","label":"if"},{"sheetName":"predictions","label":"in"},{"sheetName":"predictions","label":"into"},{"sheetName":"predictions","label":"it"},{"sheetName":"predictions","label":"its"},{"sheetName":"predictions","label":"just"},{"sheetName":"predictions","label":"know"},{"sheetName":"predictions","label":"like"},{"sheetName":"predictions","label":"look"},{"sheetName":"predictions","label":"make"},{"sheetName":"predictions","label":"man"},{"sheetName":"predictions","label":"many"},{"sheetName":"predictions","label":"me"},{"sheetName":"predictions","label":"more"},{"sheetName":"predictions","label":"my"},{"sheetName":"predictions","label":"new"},{"sheetName":"predictions","label":"no"},{"sheetName":"predictions","label":"want"},{"sheetName":"predictions","label":"now"},{"sheetName":"predictions","label":"of"},{"sheetName":"predictions","label":"on"},{"sheetName":"predictions","label":"one"},{"sheetName":"predictions","label":"only"},{"sheetName":"predictions","label":"or"},{"sheetName":"predictions","label":"other"},{"sheetName":"predictions","label":"our"},{"sheetName":"predictions","label":"out"},{"sheetName":"predictions","label":"people"},{"sheetName":"predictions","label":"say"},{"sheetName":"predictions","label":"see"},{"sheetName":"predictions","label":"she"},{"sheetName":"predictions","label":"so"},{"sheetName":"predictions","label":"some"},{"sheetName":"predictions","label":"take"},{"sheetName":"predictions","label":"tell"},{"sheetName":"predictions","label":"than"},{"sheetName":"predictions","label":"that"},{"sheetName":"predictions","label":"the"},{"sheetName":"predictions","label":"their"},{"sheetName":"predictions","label":"them"},{"sheetName":"predictions","label":"then"},{"sheetName":"predictions","label":"there"},{"sheetName":"predictions","label":"these"},{"sheetName":"predictions","label":"they"},{"sheetName":"predictions","label":"thing"},{"sheetName":"predictions","label":"think"},{"sheetName":"predictions","label":"this"},{"sheetName":"predictions","label":"those"},{"sheetName":"predictions","label":"time"},{"sheetName":"predictions","label":"to"},{"sheetName":"predictions","label":"two"},{"sheetName":"predictions","label":"up"},{"sheetName":"predictions","label":"use"},{"sheetName":"predictions","label":"very"},{"sheetName":"predictions","label":"want"},{"sheetName":"predictions","label":"way"},{"sheetName":"predictions","label":"we"},{"sheetName":"predictions","label":"well"},{"sheetName":"predictions","label":"what"},{"sheetName":"predictions","label":"when"},{"sheetName":"predictions","label":"which"},{"sheetName":"predictions","label":"who"},{"sheetName":"predictions","label":"want"},{"sheetName":"predictions","label":"with"},{"sheetName":"predictions","label":"would"},{"sheetName":"predictions","label":"year"},{"sheetName":"predictions","label":"you"},{"sheetName":"predictions","label":"your"}]