{"className":"CueList","props":{"name":"Cues","label":""},"children":[{"className":"CueOverlay","props":{"Name":"red overlay","Key":"idl7w16hghqop9hcgn95","CueType":"CueOverlay","Default":"false","Color":"red","Opacity":"0.2"},"children":[]},{"className":"CueFill","props":{"Name":"fill","Key":"idl7ysqw4agxg63qvx4j5","CueType":"CueFill","Default":"false","Color":"#7BAFD4","Opacity":"0.3","Direction":"top","Repeat":"false"},"children":[]},{"className":"CueCircle","props":{"Name":"circle","Key":"idl7ythslqew02w4pom29","CueType":"CueCircle","Default":"false","Color":"#7BAFD4","Opacity":"0.7"},"children":[]},{"className":"CueCss","props":{"Name":"zoom and yellow","Key":"idl7qm4cs28fh2ogf4ni","CueType":"CueCss","Default":"false","Code":"button[cue=\"$Key\"] {\n  position: relative;\nborder-color: black;\ntransform: scale(1.7);\n}\nbutton[cue=\"$Key\"]:after {\n  content: \"\";\n  display: block;\n  position: absolute;\n  top: 0;\n  left: 0;\n  width: 100%;\n  height: 100%;\n  background-color: yellow;\n opacity: 0.2;\n  z-index: 10;\n}"},"children":[]},{"className":"CueCss","props":{"Name":"zoom and yellow","Key":"idlopwh5kha5zvisa0tf","CueType":"CueCss","Default":"true","Code":"button[cue=\"$Key\"] {\n  position: relative;\nborder-color: black;\ntransform: scale(1.7);\n}\nbutton[cue=\"$Key\"]:after {\n  content: \"\";\n  display: block;\n  position: absolute;\n  top: 0;\n  left: 0;\n  width: 100%;\n  height: 100%;\n  \n  z-index: 10;\n}"},"children":[]}]}