{"className":"Layout","props":{"name":"Layout","label":""},"children":[{"className":"Page","props":{"direction":"column","background":""},"children":[{"className":"Speech","props":{"stateName":"$Speak","voiceURI":"","pitch":"1","rate":"1","volume":"1"},"children":[]},{"className":"HeadMouse","props":{"stateName":"$HeadMouse"},"children":[]},{"className":"Customize","props":{"name":"Style","css":"button[#label] { font-size: 50px; }"},"children":[]},{"className":"Stack","props":{"direction":"row","background":"","scale":"1"},"children":[{"className":"Stack","props":{"direction":"column","background":"","scale":"0.8"},"children":[{"className":"Grid","props":{"fillItems":"false","rows":"3","columns":"3","scale":"3","name":"kb","background":"white"},"children":[{"className":"GridFilter","props":{"field":"#sheetName","operator":"equals","value":"'keyboard'"},"children":[]},{"className":"GridFilter","props":{"field":"#case","operator":"equals","value":"$case"},"children":[]}]},{"className":"Grid","props":{"fillItems":"false","rows":"1","columns":"6","scale":"0.5","name":"controls","background":"white"},"children":[{"className":"GridFilter","props":{"field":"#sheetName","operator":"equals","value":"'other'"},"children":[]}]},{"className":"Button","props":{"label":"SPACE","name":"button","background":"","scale":"0.5"},"children":[]}]},{"className":"Stack","props":{"direction":"column","background":"","scale":"0.6"},"children":[{"className":"Grid","props":{"fillItems":"true","rows":"7","columns":"1","scale":"0.4","name":"predict","background":"pinkish white"},"children":[{"className":"GridFilter","props":{"field":"#sheetName","operator":"equals","value":"'predictions'"},"children":[]},{"className":"GridFilter","props":{"field":"#label","operator":"starts with","value":"$prefix"},"children":[]}]}]},{"className":"Display","props":{"stateName":"$Display","Name":"MW","background":"white","fontSize":"4","scale":"1"},"children":[]}]}]}]}