{"className":"MethodChooser","props":{"name":"Methods","label":""},"children":[{"className":"Method","props":{"Name":"2 switch","Pattern":"DefaultPattern","KeyDebounce":"0.1","PointerEnterDebounce":"0","PointerDownDebounce":"0","Key":"idl6e14meiwzjdcquhgk9","Active":"false"},"children":[{"className":"KeyHandler","props":{"Signal":"keyup"},"children":[{"className":"HandlerKeyCondition","props":{"Condition":"","Key":" "},"children":[]},{"className":"HandlerKeyCondition","props":{"Condition":"","Key":"ArrowRight"},"children":[]},{"className":"ResponderNext","props":{"Response":"ResponderNext"},"children":[]}]},{"className":"KeyHandler","props":{"Signal":"keyup"},"children":[{"className":"HandlerKeyCondition","props":{"Condition":"","Key":"Enter"},"children":[]},{"className":"HandlerKeyCondition","props":{"Condition":"","Key":"ArrowLeft"},"children":[]},{"className":"ResponderActivate","props":{"Response":"ResponderActivate"},"children":[]}]}]},{"className":"Method","props":{"Name":"Pointer dwell","Pattern":"NullPattern","KeyDebounce":"0","PointerEnterDebounce":"0","PointerDownDebounce":"0","Key":"idl6wcdmjjkb48xmbxscn","Active":"true"},"children":[{"className":"PointerHandler","props":{"Signal":"pointerover"},"children":[{"className":"ResponderCue","props":{"Response":"ResponderCue","Cue":"DefaultCue"},"children":[]},{"className":"ResponderStartTimer","props":{"Response":"ResponderStartTimer","TimerName":"idl7yrtido633vxa1bb1v"},"children":[]}]},{"className":"PointerHandler","props":{"Signal":"pointerout"},"children":[{"className":"ResponderClearCue","props":{"Response":"ResponderClearCue"},"children":[]}]},{"className":"PointerHandler","props":{"Signal":"pointerdown"},"children":[{"className":"ResponderActivate","props":{"Response":"ResponderActivate"},"children":[]}]},{"className":"Timer","props":{"Interval":"1.5","Name":"dwell","Key":"idl7yrtido633vxa1bb1v"},"children":[]},{"className":"TimerHandler","props":{"Signal":"timer","TimerName":"idl7yrtido633vxa1bb1v"},"children":[{"className":"ResponderActivate","props":{"Response":"ResponderActivate"},"children":[]}]}]},{"className":"Method","props":{"Name":"Mouse","Pattern":"idl83jg7qtj9wmyggtxf","KeyDebounce":"0","PointerEnterDebounce":"0.1","PointerDownDebounce":"0.01","Key":"idl84ljjeoebyl94sow87","Active":"false"},"children":[{"className":"PointerHandler","props":{"Signal":"pointerdown"},"children":[{"className":"ResponderActivate","props":{"Response":"ResponderActivate"},"children":[]}]},{"className":"PointerHandler","props":{"Signal":"pointerover"},"children":[{"className":"ResponderCue","props":{"Response":"ResponderCue","Cue":"idl7w16hghqop9hcgn95"},"children":[]}]},{"className":"PointerHandler","props":{"Signal":"pointerout"},"children":[{"className":"ResponderClearCue","props":{"Response":"ResponderClearCue"},"children":[]}]}]},{"className":"Method","props":{"Name":"Raw Keyboard","Pattern":"DefaultPattern","KeyDebounce":"0","PointerEnterDebounce":"0","PointerDownDebounce":"0","Key":"idlmt67brwc2moe1788wm","Active":"true"},"children":[{"className":"KeyHandler","props":{"Signal":"keyup"},"children":[{"className":"ResponderEmit","props":{"Response":"ResponderEmit"},"children":[]}]}]}]}