{"className":"Actions","props":{"name":"Actions","label":"","scale":"1"},"children":[{"className":"Action","props":{"origin":"init"},"children":[{"className":"ActionCondition","props":{"Condition":""},"children":[]},{"className":"ActionUpdate","props":{"stateName":"$tabControl","newValue":"'VSD'"},"children":[]},{"className":"ActionUpdate","props":{"stateName":"$image","newValue":"'pg1'"},"children":[]},{"className":"ActionUpdate","props":{"stateName":"$HeadMouse","newValue":"\"on\""},"children":[]}]},{"className":"Action","props":{"origin":"*"},"children":[{"className":"ActionCondition","props":{"Condition":"#label = 'CLEAR'"},"children":[]},{"className":"ActionUpdate","props":{"stateName":"$Display","newValue":"' '"},"children":[]}]},{"className":"Action","props":{"origin":"close"},"children":[{"className":"ActionCondition","props":{"Condition":""},"children":[]},{"className":"ActionUpdate","props":{"stateName":"$tabControl","newValue":"'VSD'"},"children":[]},{"className":"ActionUpdate","props":{"stateName":"$image","newValue":"'hp'"},"children":[]}]},{"className":"Action","props":{"origin":"*"},"children":[{"className":"ActionCondition","props":{"Condition":"#display"},"children":[]},{"className":"ActionUpdate","props":{"stateName":"$Display","newValue":"add_word(#display)"},"children":[]},{"className":"ActionUpdate","props":{"stateName":"$tabControl","newValue":"'VSD'"},"children":[]},{"className":"ActionUpdate","props":{"stateName":"$image","newValue":"'hp'"},"children":[]}]},{"className":"Action","props":{"origin":"*"},"children":[{"className":"ActionCondition","props":{"Condition":"#nav"},"children":[]},{"className":"ActionUpdate","props":{"stateName":"$tabControl","newValue":"'VSD'"},"children":[]},{"className":"ActionUpdate","props":{"stateName":"$image","newValue":"#role"},"children":[]}]},{"className":"Action","props":{"origin":"VSD"},"children":[{"className":"ActionCondition","props":{"Condition":""},"children":[]},{"className":"ActionUpdate","props":{"stateName":"$tabControl","newValue":"'hp'"},"children":[]},{"className":"ActionUpdate","props":{"stateName":"$halves","newValue":"#halves"},"children":[]},{"className":"ActionUpdate","props":{"stateName":"$sheetName","newValue":"#sheet"},"children":[]}]},{"className":"Action","props":{"origin":"*"},"children":[{"className":"ActionCondition","props":{"Condition":"#label = 'UNDO LAST'"},"children":[]},{"className":"ActionUpdate","props":{"stateName":"$Display","newValue":"replace_last('')"},"children":[]}]},{"className":"Action","props":{"origin":"MW"},"children":[{"className":"ActionCondition","props":{"Condition":""},"children":[]},{"className":"ActionUpdate","props":{"stateName":"$Speak","newValue":"$Display"},"children":[]}]}]}